"","Patch","Plant_ID","Bract","Treatment","Pollen_Donor","Poll_Date","Poll_Time","Coll_Date","Coll_Time","Damage","Out","Notes"
"1","K1",780,7,"ND-Far",772,2024-04-30,1899-12-30 09:44:00,2024-05-01,1899-12-30 02:09:00,0,2,""
"2","K1",781,5,"ND-NN",730,2024-04-30,1899-12-30 10:00:00,2024-05-01,1899-12-30 02:12:00,0,4,""
"3","K1",782,1,"ND-S",782,2024-04-30,1899-12-30 10:10:00,2024-05-01,1899-12-30 09:30:00,1,8,"Los frutos out no esta muy sanos."
"4","K1",782,2,"HPO",772,2024-04-30,1899-12-30 10:20:00,2024-05-01,1899-12-30 02:14:00,0,7,""
"5","K1",782,5,"NE",772,2024-04-30,1899-12-30 10:25:00,2024-05-01,1899-12-30 02:14:00,0,3,""
"6","K1",783,1,"ND-Far",760,2024-04-30,1899-12-30 10:40:00,2024-05-01,1899-12-30 10:10:00,2,7,""
"7","K1",784,2,"ND-NN",737,2024-04-30,1899-12-30 10:50:00,2024-05-01,1899-12-30 10:25:00,0,7,"Out: muy buenos"
"8","K1",784,3,"ND-S",784,2024-04-30,1899-12-30 11:00:00,2024-05-01,1899-12-30 10:25:00,0,6,""
"9","K1",784,5,"HPO",760,2024-04-30,1899-12-30 11:10:00,2024-05-01,1899-12-30 02:17:00,0,3,""
"10","K1",785,4,"NE",760,2024-04-30,1899-12-30 11:30:00,2024-05-01,1899-12-30 10:30:00,1,6,"NE:Extraccion con la boca, el Adams J. se quedo sin bateria."
"11","K1",780,3,"ND-Far",760,2024-05-01,1899-12-30 09:30:00,2024-05-02,1899-12-30 01:10:00,1,7,""
"12","K1",780,5,"ND-NN",730,2024-05-01,1899-12-30 09:41:00,2024-05-02,1899-12-30 01:11:00,0,4,""
"13","K1",781,2,"ND-S",781,2024-05-01,1899-12-30 09:45:00,2024-05-02,1899-12-30 01:17:00,0,5,"El estilo comido."
"14","K1",781,3,"HPO",773,2024-05-01,1899-12-30 09:57:00,2024-05-02,1899-12-30 01:17:00,0,7,""
"15","K1",783,4,"NE",773,2024-05-01,1899-12-30 10:11:00,2024-05-02,1899-12-30 01:19:00,0,3,""
"16","K1",784,6,"ND-Far",773,2024-05-01,1899-12-30 10:29:00,2024-05-02,1899-12-30 01:20:00,0,2,""
"17","K1",785,3,"ND-NN",736,2024-05-01,1899-12-30 10:43:00,2024-05-02,1899-12-30 01:22:00,0,6,""
"18","K1",785,6,"ND-S",785,2024-05-01,1899-12-30 10:55:00,2024-05-02,1899-12-30 01:22:00,0,4,""
"19","K1",783,5,"HPO",773,2024-05-02,1899-12-30 09:14:00,2024-05-03,1899-12-30 03:01:00,0,1,""
"20","K1",784,3,"ND-S",784,2024-05-02,1899-12-30 09:19:00,2024-05-03,1899-12-30 03:04:00,0,6,""
"21","K1",786,3,"NE",760,2024-05-02,1899-12-30 09:40:00,2024-05-03,1899-12-30 03:06:00,1,0,""
"22","K1",787,4,"ND-Far",760,2024-05-02,1899-12-30 09:44:00,2024-05-03,1899-12-30 03:08:00,1,5,""
"23","K1",787,6,"ND-NN",736,2024-05-02,1899-12-30 10:00:00,2024-05-03,1899-12-30 03:11:00,1,2,""
"24","K1",788,7,"HPO",733,2024-05-02,1899-12-30 10:13:00,2024-05-03,1899-12-30 03:12:00,0,0,""
"25","K1",789,4,"NE",760,2024-05-02,1899-12-30 10:27:00,2024-05-03,1899-12-30 03:19:00,0,5,""
"26","K2",790,1,"ND-Far",760,2024-05-02,1899-12-30 10:45:00,2024-05-03,1899-12-30 03:21:00,0,0,"Lluvia 10:45 am/ estilo comido"
"27","K1",780,3,"ND-Far",760,2024-05-03,1899-12-30 09:49:00,2024-05-04,1899-12-30 02:23:00,0,7,""
"28","K1",781,2,"ND-S",781,2024-05-03,1899-12-30 09:51:00,2024-05-04,1899-12-30 02:25:00,0,5,""
"29","K1",781,3,"HPO",773,2024-05-03,1899-12-30 09:56:00,2024-05-04,1899-12-30 09:15:00,0,7,""
"30","K1",782,2,"HPO",772,2024-05-03,1899-12-30 10:00:00,2024-05-04,1899-12-30 02:27:00,0,7,""
"31","K1",782,5,"NE",772,2024-05-03,1899-12-30 10:04:00,2024-05-04,1899-12-30 02:28:00,0,3,""
"32","K1",783,4,"NE",773,2024-05-03,1899-12-30 10:06:00,2024-05-04,1899-12-30 02:29:00,1,3,""
"33","K1",783,5,"HPO",773,2024-05-03,1899-12-30 10:12:00,2024-05-04,1899-12-30 02:30:00,0,1,""
"34","K1",784,2,"ND-NN",737,2024-05-03,1899-12-30 10:20:00,2024-05-04,1899-12-30 02:39:00,0,7,""
"35","K1",785,4,"NE",760,2024-05-03,1899-12-30 10:30:00,2024-05-04,1899-12-30 02:41:00,0,6,""
"36","K1",786,1,"ND-Far",760,2024-05-03,1899-12-30 10:31:00,2024-05-04,1899-12-30 02:43:00,0,2,""
"37","K1",787,5,"ND-S",787,2024-05-03,1899-12-30 10:40:00,2024-05-04,1899-12-30 02:45:00,0,4,""
"38","K1",788,4,"ND-NN",737,2024-05-03,1899-12-30 10:57:00,2024-05-04,1899-12-30 02:46:00,0,5,""
"39","K1",788,6,"ND-Far",760,2024-05-03,1899-12-30 11:02:00,2024-05-04,1899-12-30 02:47:00,0,2,""
"40","K1",791,1,"ND-S",791,2024-05-03,1899-12-30 11:23:00,2024-05-04,1899-12-30 02:49:00,0,7,""
"41","K1",791,2,"ND-NN",736,2024-05-03,1899-12-30 11:29:00,2024-05-04,1899-12-30 02:51:00,0,6,""
"42","K1",791,4,"NE",773,2024-05-03,1899-12-30 11:39:00,2024-05-04,1899-12-30 03:00:00,0,3,""
"43","K1",780,5,"ND-NN",730,2024-05-04,1899-12-30 09:20:00,2024-05-06,1899-12-30 08:57:00,0,4,"Mucho nectar."
"44","K1",784,6,"ND-Far",773,2024-05-04,1899-12-30 09:30:00,2024-05-06,1899-12-30 08:58:00,0,2,""
"45","K1",785,6,"ND-S",785,2024-05-04,1899-12-30 09:40:00,2024-05-06,1899-12-30 09:03:00,1,4,""
"46","K1",787,4,"ND-Far",760,2024-05-04,1899-12-30 09:50:00,2024-05-06,1899-12-30 09:05:00,0,5,"estilo comido por insecto."
"47","K1",789,3,"HPO",760,2024-05-04,1899-12-30 10:05:00,2024-05-06,1899-12-30 09:06:00,1,6,""
"48","K1",780,3,"ND-Far",760,2024-05-04,1899-12-30 09:16:00,2024-05-07,1899-12-30 02:35:00,0,7,""
"49","K1",780,5,"ND-NN",730,2024-05-06,1899-12-30 09:18:00,2024-05-07,1899-12-30 02:36:00,2,4,""
"50","K1",780,7,"ND-Far",772,2024-05-06,1899-12-30 09:24:00,2024-05-07,1899-12-30 02:38:00,1,2,""
"51","K1",781,2,"ND-S",781,2024-05-06,1899-12-30 09:30:00,2024-05-07,1899-12-30 02:39:00,0,5,""
"52","K1",781,3,"HPO",773,2024-05-06,1899-12-30 09:33:00,2024-05-07,1899-12-30 02:40:00,0,7,""
"53","K1",782,2,"HPO",772,2024-05-06,1899-12-30 09:38:00,2024-05-07,1899-12-30 02:43:00,0,7,""
"54","K1",782,5,"Polish",NA,2024-05-06,1899-12-30 09:40:00,2024-05-07,NA,NA,3,""
"55","K1",783,1,"Polish",NA,2024-05-06,1899-12-30 09:43:00,2024-05-07,NA,NA,7,""
"56","K1",783,1,"Polish",NA,2024-05-06,1899-12-30 09:46:00,2024-05-07,NA,NA,7,""
"57","K1",784,2,"Polish",NA,2024-05-06,1899-12-30 09:51:00,2024-05-07,NA,NA,7,""
"58","K1",784,3,"Polish",NA,2024-05-06,1899-12-30 09:55:00,2024-05-07,NA,NA,6,""
"59","K1",786,1,"ND-Far",760,2024-05-06,1899-12-30 10:02:00,2024-05-07,1899-12-30 02:44:00,0,2,""
"60","K1",786,3,"Polish",NA,2024-05-06,1899-12-30 10:08:00,2024-05-07,NA,NA,0,""
"61","K1",787,5,"ND-S",787,2024-05-06,1899-12-30 10:10:00,2024-05-07,1899-12-30 02:45:00,0,4,""
"62","K1",788,4,"ND-NN",737,2024-05-06,1899-12-30 10:14:00,2024-05-07,1899-12-30 02:45:00,0,5,""
"63","K1",788,6,"ND-Far",760,2024-05-06,1899-12-30 10:18:00,2024-05-07,1899-12-30 02:46:00,0,2,""
"64","K1",788,7,"Polish",NA,2024-05-06,1899-12-30 10:23:00,2024-05-07,NA,NA,0,""
"65","K1",789,4,"Polish",NA,2024-05-06,1899-12-30 10:26:00,2024-05-07,NA,NA,5,""
"66","K2",790,1,"Polish",NA,2024-05-06,1899-12-30 10:33:00,2024-05-07,NA,NA,0,""
"67","K1",791,1,"ND-S",791,2024-05-06,1899-12-30 10:39:00,2024-05-07,1899-12-30 02:50:00,0,7,""
"68","K1",791,2,"ND-NN",736,2024-05-06,1899-12-30 10:41:00,2024-05-07,1899-12-30 02:50:00,0,6,""
"69","K1",791,4,"NE",773,2024-05-06,1899-12-30 10:45:00,2024-05-07,1899-12-30 02:51:00,0,3,""
"70","K1",792,1,"NE",760,2024-05-06,1899-12-30 11:00:00,2024-05-07,1899-12-30 02:51:00,0,2,""
"71","K1",783,5,"HPO",773,2024-05-07,1899-12-30 08:45:00,2024-05-08,1899-12-30 03:26:00,0,1,""
"72","K1",785,3,"ND-NN",736,2024-05-07,1899-12-30 08:52:00,2024-05-08,1899-12-30 03:28:00,0,6,""
"73","K1",785,6,"ND-S",785,2024-05-07,1899-12-30 08:58:00,2024-05-08,1899-12-30 03:30:00,0,4,""
"74","K1",786,4,"HPO",760,2024-05-07,1899-12-30 09:02:00,2024-05-08,1899-12-30 03:31:00,0,0,""
"75","K1",789,3,"HPO",760,2024-05-07,1899-12-30 09:09:00,2024-05-08,1899-12-30 03:33:00,0,6,""
"76","K2",790,1,"ND-Far",760,2024-05-07,1899-12-30 09:14:00,2024-05-08,1899-12-30 03:35:00,0,0,""
"77","K1",781,5,"ND-NN",730,2024-05-08,1899-12-30 08:59:00,2024-05-09,1899-12-30 03:10:00,0,4,""
"78","K1",782,2,"HPO",772,2024-05-08,1899-12-30 09:12:00,2024-05-09,1899-12-30 03:13:00,0,7,""
"79","K1",782,5,"NE",772,2024-05-08,1899-12-30 09:15:00,2024-05-09,1899-12-30 03:14:00,0,3,""
"80","K1",783,1,"ND-Far",760,2024-05-08,1899-12-30 09:21:00,2024-05-09,1899-12-30 03:16:00,0,1,""
"81","K1",784,2,"ND-NN",737,2024-05-08,1899-12-30 09:28:00,2024-05-09,1899-12-30 03:18:00,0,7,""
"82","K1",784,3,"ND-S",784,2024-05-08,1899-12-30 09:30:00,2024-05-09,1899-12-30 03:22:00,1,6,""
"83","K1",785,4,"NE",760,2024-05-08,1899-12-30 09:39:00,2024-05-09,1899-12-30 03:25:00,1,6,""
"84","K1",786,3,"NE",760,2024-05-08,1899-12-30 09:50:00,2024-05-09,1899-12-30 03:27:00,0,0,""
"85","K1",787,4,"ND-Far",760,2024-05-08,1899-12-30 09:56:00,2024-05-09,1899-12-30 03:30:00,0,5,""
"86","K1",787,6,"ND-NN",736,2024-05-08,1899-12-30 09:56:00,2024-05-09,1899-12-30 03:31:00,0,2,""
"87","K1",788,4,"ND-NN",737,2024-05-08,1899-12-30 10:09:00,2024-05-09,1899-12-30 03:35:00,0,4,""
"88","K1",789,4,"NE",760,2024-05-08,1899-12-30 10:18:00,2024-05-09,1899-12-30 03:40:00,0,5,""
"89","K1",791,2,"ND-NN",736,2024-05-08,1899-12-30 10:42:00,2024-05-09,1899-12-30 03:42:00,0,6,""
"90","K1",792,4,"ND-Far",760,2024-05-08,1899-12-30 10:52:00,2024-05-09,1899-12-30 03:43:00,0,0,""
"91","K1",780,5,"ND-NN",730,2024-05-09,1899-12-30 08:01:00,2024-05-10,1899-12-30 03:10:00,0,4,""
"92","K1",780,7,"ND-Far",772,2024-05-09,1899-12-30 08:07:00,2024-05-10,1899-12-30 03:12:00,0,2,""
"93","K1",783,4,"NE",773,2024-05-09,1899-12-30 08:19:00,2024-05-10,1899-12-30 03:16:00,0,3,""
"94","K1",786,1,"ND-Far",760,2024-05-09,1899-12-30 08:27:00,2024-05-10,1899-12-30 03:20:00,0,2,""
"95","K1",786,4,"HPO",760,2024-05-09,1899-12-30 08:32:00,2024-05-10,1899-12-30 03:25:00,0,0,""
"96","K1",788,6,"ND-Far",760,2024-05-09,1899-12-30 08:39:00,2024-05-10,1899-12-30 03:26:00,0,2,""
"97","K1",791,1,"ND-S",784,2024-05-09,1899-12-30 08:43:00,2024-05-10,1899-12-30 03:28:00,0,7,""
"98","K1",791,4,"NE",773,2024-05-09,1899-12-30 08:47:00,2024-05-10,1899-12-30 03:30:00,0,3,""
"99","K1",792,2,"ND-NN",737,2024-05-09,1899-12-30 09:10:00,2024-05-10,1899-12-30 10:50:00,0,3,"La flor se cayo."
"100","K1",783,1,"ND-Far",760,2024-05-10,1899-12-30 09:12:00,2024-05-11,1899-12-30 03:12:00,0,7,"Dia, muy lluvioso."
"101","K1",784,3,"ND-S",784,2024-05-10,1899-12-30 09:20:00,2024-05-11,1899-12-30 03:16:00,1,6,"Dia, muy lluvioso."
"102","K1",784,6,"ND-Far",773,2024-05-10,1899-12-30 09:24:00,2024-05-11,1899-12-30 03:20:00,0,6,"Dia, muy lluvioso."
"103","K1",785,6,"ND-S",785,2024-05-10,1899-12-30 09:38:00,2024-05-11,1899-12-30 03:22:00,0,4,"Dia, muy lluvioso."
"104","K1",788,5,"NE",760,2024-05-10,1899-12-30 09:50:00,2024-05-11,1899-12-30 03:23:00,0,5,"Dia, muy lluvioso."
"105","K1",789,3,"HPO",760,2024-05-10,1899-12-30 09:56:00,2024-05-11,1899-12-30 03:24:00,0,6,"Dia, muy lluvioso."
"106","K1",792,4,"ND-Far",760,2024-05-10,1899-12-30 10:15:00,2024-05-11,1899-12-30 03:25:00,0,0,"Dia, muy lluvioso."
"107","K1",793,1,"NE",762,2024-05-15,1899-12-30 08:10:00,2024-05-16,1899-12-30 02:50:00,1,6,""
"108","K1",794,2,"ND-NN",736,2024-05-15,1899-12-30 08:20:00,2024-05-16,1899-12-30 02:55:00,0,0,""
"109","K1",795,1,"ND-S",795,2024-05-15,1899-12-30 08:25:00,2024-05-16,1899-12-30 02:58:00,0,6,""
"110","K1",795,2,"HPO",762,2024-05-15,1899-12-30 08:30:00,2024-05-16,1899-12-30 03:00:00,0,5,""
"111","K1",796,3,"NE",762,2024-05-15,1899-12-30 08:35:00,2024-05-16,1899-12-30 03:02:00,0,1,""
"112","K2",797,1,"ND-NN",736,2024-05-15,1899-12-30 08:40:00,2024-05-16,1899-12-30 03:06:00,0,12,""
"113","K2",797,4,"ND-S",797,2024-05-15,1899-12-30 08:50:00,2024-05-16,1899-12-30 03:08:00,1,9,""
"114","K2",797,7,"HPO",762,2024-05-15,1899-12-30 08:59:00,2024-05-16,1899-12-30 03:10:00,0,8,""
"115","K1",795,5,"NE",762,2024-05-16,1899-12-30 08:10:00,2024-05-17,1899-12-30 03:11:00,0,2,""
"116","K1",775,2,"ND-S",775,2024-05-16,1899-12-30 08:20:00,2024-05-17,1899-12-30 03:13:00,0,3,""
"117","K1",775,3,"HPO",762,2024-05-16,1899-12-30 08:25:00,2024-05-17,1899-12-30 03:14:00,0,2,""
"118","K1",776,2,"NE",762,2024-05-16,1899-12-30 08:45:00,2024-05-17,1899-12-30 03:16:00,1,1,""
"119","K1",777,2,"ND-S",777,2024-05-16,1899-12-30 09:10:00,2024-05-17,1899-12-30 03:18:00,0,5,""
"120","K1",777,3,"HPO",762,2024-05-16,1899-12-30 09:20:00,2024-05-17,1899-12-30 03:20:00,0,0,""
"121","K1",793,3,"ND-S",793,2024-05-17,1899-12-30 08:30:00,2024-05-18,1899-12-30 03:05:00,0,5,""
"122","K1",794,1,"NE",762,2024-05-17,1899-12-30 08:40:00,2024-05-18,1899-12-30 03:10:00,0,2,""
"123","K1",796,4,"ND-Far",762,2024-05-17,1899-12-30 08:47:00,2024-05-18,1899-12-30 03:15:00,1,0,""
"124","K1",775,4,"ND-NN",736,2024-05-17,1899-12-30 08:56:00,2024-05-18,1899-12-30 03:18:00,0,0,""
"125","K1",776,3,"HPO",762,2024-05-17,1899-12-30 09:05:00,2024-05-18,1899-12-30 03:20:00,0,0,""
"126","K1",777,6,"ND-Far",762,2024-05-17,1899-12-30 09:10:00,2024-05-18,1899-12-30 03:23:00,0,3,""
"127","K2",778,1,"NE",762,2024-05-17,1899-12-30 09:20:00,2024-05-18,1899-12-30 03:25:00,0,4,""
"128","K2",778,5,"ND-S",778,2024-05-17,1899-12-30 09:30:00,2024-05-18,1899-12-30 03:28:00,0,0,""
"129","K1",793,1,"NE",762,2024-05-18,1899-12-30 08:35:00,2024-05-20,1899-12-30 09:38:00,0,6,""
"130","K1",793,5,"ND-NN",730,2024-05-18,1899-12-30 08:40:00,2024-05-20,1899-12-30 09:39:00,0,2,""
"131","K1",795,1,"ND-S",794,2024-05-18,1899-12-30 08:50:00,2024-05-20,1899-12-30 09:40:00,0,6,""
"132","K1",795,2,"HPO",762,2024-05-18,1899-12-30 08:57:00,2024-05-20,1899-12-30 09:41:00,0,5,""
"133","K1",796,2,"ND-S",796,2024-05-18,1899-12-30 09:02:00,2024-05-20,1899-12-30 09:42:00,0,3,""
"134","K2",797,4,"ND-S",797,2024-05-18,1899-12-30 09:14:00,2024-05-20,1899-12-30 04:43:00,0,9,""
"135","K2",797,7,"HPO",762,2024-05-18,1899-12-30 09:15:00,2024-05-20,1899-12-30 04:46:00,0,8,""
"136","K1",775,2,"ND-S",775,2024-05-18,1899-12-30 09:21:00,2024-05-20,1899-12-30 04:48:00,0,3,""
"137","K1",793,3,"ND-S",793,2024-05-18,1899-12-30 09:51:00,2024-05-20,1899-12-30 03:05:00,0,5,""
"138","K1",794,1,"NE",762,2024-05-20,1899-12-30 09:55:00,2024-05-21,1899-12-30 03:07:00,0,2,""
"139","K1",794,2,"Polish",NA,2024-05-20,1899-12-30 10:01:00,2024-05-21,NA,NA,0,""
"140","K1",795,2,"HPO",762,2024-05-20,1899-12-30 10:04:00,2024-05-21,1899-12-30 03:08:00,0,5,""
"141","K1",795,5,"Polish",NA,2024-05-20,1899-12-30 10:05:00,2024-05-21,NA,NA,2,""
"142","K1",776,2,"Polish",NA,2024-05-20,1899-12-30 10:14:00,2024-05-21,NA,NA,1,""
"143","K1",776,3,"HPO",762,2024-05-20,1899-12-30 10:15:00,2024-05-21,1899-12-30 03:11:00,0,0,""
"144","K1",777,2,"Polish",NA,2024-05-20,1899-12-30 10:21:00,2024-05-21,NA,NA,5,""
"145","K1",777,6,"ND-Far",762,2024-05-20,1899-12-30 10:25:00,2024-05-21,1899-12-30 03:13:00,0,3,""
"146","K2",778,1,"NE",762,2024-05-20,1899-12-30 10:40:00,2024-05-21,1899-12-30 03:16:00,0,4,""
"147","K1",793,1,"NE",762,2024-05-21,1899-12-30 09:00:00,2024-05-22,1899-12-30 03:20:00,0,6,""
"148","K1",793,4,"SD",762,2024-05-21,1899-12-30 09:02:00,2024-05-22,1899-12-30 03:22:00,0,5,""
"149","K1",795,6,"SD",762,2024-05-21,1899-12-30 09:23:00,2024-05-22,1899-12-30 03:26:00,0,2,""
"150","K1",796,2,"ND-S",796,2024-05-21,1899-12-30 09:33:00,2024-05-22,1899-12-30 03:28:00,0,3,""
"151","K1",796,5,"SD",762,2024-05-21,1899-12-30 09:40:00,2024-05-22,1899-12-30 03:30:00,0,9,""
"152","K2",797,4,"ND-S",797,2024-05-21,1899-12-30 09:51:00,2024-05-22,1899-12-30 03:33:00,0,9,""
"153","K2",797,6,"SD",762,2024-05-21,1899-12-30 09:55:00,2024-05-22,1899-12-30 03:35:00,0,8,""
"154","K2",797,7,"HPO",762,2024-05-21,1899-12-30 10:00:00,2024-05-22,1899-12-30 03:37:00,0,8,""
"155","K1",775,2,"ND-S",775,2024-05-21,1899-12-30 10:05:00,2024-05-22,1899-12-30 03:39:00,0,3,""
"156","K1",775,5,"SD",762,2024-05-22,1899-12-30 10:10:00,2024-05-22,1899-12-30 03:40:00,0,0,""
"157","K1",793,3,"ND-S",793,2024-05-22,1899-12-30 08:17:00,2024-05-22,1899-12-30 03:14:00,0,5,""
"158","K1",794,2,"ND-NN",736,2024-05-22,1899-12-30 08:22:00,2024-05-23,1899-12-30 03:16:00,0,0,""
"159","K1",795,5,"NE",762,2024-05-22,1899-12-30 08:30:00,2024-05-23,1899-12-30 03:17:00,0,2,""
"160","K1",796,3,"NE",762,2024-05-22,1899-12-30 08:38:00,2024-05-23,1899-12-30 03:18:00,0,1,""
"161","K1",796,4,"ND-Far",762,2024-05-22,1899-12-30 08:42:00,2024-05-23,1899-12-30 03:20:00,0,0,""
"162","K1",775,3,"HPO",762,2024-05-22,1899-12-30 08:59:00,2024-05-23,1899-12-30 03:21:00,0,2,""
"163","K1",776,2,"NE",762,2024-05-22,1899-12-30 09:03:00,2024-05-23,1899-12-30 03:22:00,0,1,""
"164","K1",777,2,"ND-S",777,2024-05-22,1899-12-30 09:10:00,2024-05-23,1899-12-30 03:23:00,0,5,""
"165","K1",777,7,"SD",762,2024-05-22,1899-12-30 09:14:00,2024-05-23,1899-12-30 03:25:00,0,2,""
"166","K2",778,1,"NE",762,2024-05-22,1899-12-30 09:30:00,2024-05-23,1899-12-30 03:28:00,0,4,""
"167","K2",779,4,"ND-Far",762,2024-05-22,1899-12-30 09:45:00,2024-05-23,1899-12-30 03:30:00,0,3,""
"168","K2",778,4,"SD",762,2024-05-22,1899-12-30 09:48:00,2024-05-23,1899-12-30 03:36:00,0,3,""
"169","K1",793,1,"NE",762,2024-05-23,1899-12-30 08:50:00,2024-05-23,1899-12-30 03:10:00,0,6,""
"170","K1",793,5,"ND-NN",730,2024-05-23,1899-12-30 08:55:00,2024-05-24,1899-12-30 03:12:00,0,2,""
"171","K1",794,1,"NE",762,2024-05-23,1899-12-30 09:05:00,2024-05-24,1899-12-30 03:14:00,0,2,""
"172","K1",796,2,"ND-S",796,2024-05-23,1899-12-30 09:10:00,2024-05-24,1899-12-30 03:16:00,0,1,""
"173","K2",797,4,"ND-S",797,2024-05-23,1899-12-30 09:15:00,2024-05-24,1899-12-30 03:18:00,0,9,""
"174","K1",775,4,"ND-NN",736,2024-05-23,1899-12-30 09:20:00,2024-05-24,1899-12-30 03:24:00,0,0,""
"175","K1",776,3,"HPO",762,2024-05-23,1899-12-30 09:30:00,2024-05-24,1899-12-30 03:26:00,0,0,""
"176","K1",777,6,"ND-Far",762,2024-05-23,1899-12-30 09:35:00,2024-05-24,1899-12-30 03:29:00,0,3,""
"177","K2",778,5,"ND-S",778,2024-05-23,1899-12-30 09:42:00,2024-05-24,1899-12-30 03:30:00,0,0,""
"178","K1",795,1,"ND-S",795,2024-05-24,1899-12-30 08:10:00,2024-05-25,1899-12-30 01:20:00,0,6,"Colectado temprano por lluvia."
"179","K1",795,6,"SD",762,2024-05-24,1899-12-30 08:12:00,2024-05-25,1899-12-30 01:22:00,0,2,""
"180","K1",796,3,"NE",762,2024-05-24,1899-12-30 08:15:00,2024-05-25,1899-12-30 01:25:00,0,1,""
"181","K1",796,5,"SD",762,2024-05-24,1899-12-30 08:20:00,2024-05-25,1899-12-30 01:26:00,0,0,""
"182","K2",797,7,"HPO",762,2024-05-24,1899-12-30 08:30:00,2024-05-25,1899-12-30 01:29:00,0,8,""
"183","K1",775,5,"SD",762,2024-05-24,1899-12-30 08:38:00,2024-05-25,1899-12-30 01:30:00,0,0,""
"184","K2",779,4,"ND-Far",762,2024-05-24,1899-12-30 08:45:00,2024-05-25,1899-12-30 01:32:00,0,3,""
"185","K1",793,3,"ND-S",793,2024-05-25,1899-12-30 09:01:00,2024-05-27,1899-12-30 10:59:00,0,5,""
"186","K1",794,3,"SD",762,2024-05-25,1899-12-30 09:06:00,2024-05-27,1899-12-30 03:03:00,0,1,""
"187","K1",796,4,"ND-Far",762,2024-05-25,1899-12-30 09:12:00,2024-05-27,1899-12-30 03:06:00,0,0,""
"188","K2",797,6,"SD",762,2024-05-25,1899-12-30 09:29:00,2024-05-27,1899-12-30 03:10:00,0,8,""
"189","K1",776,2,"NE",762,2024-05-25,1899-12-30 09:33:00,2024-05-27,1899-12-30 03:12:00,0,1,""
"190","K1",776,3,"HPO",762,2024-05-25,1899-12-30 09:36:00,2024-05-27,1899-12-30 03:14:00,0,0,""
"191","K1",777,2,"ND-S",777,2024-05-25,1899-12-30 09:40:00,2024-05-27,1899-12-30 03:16:00,0,5,""
"192","K1",777,6,"ND-Far",762,2024-05-25,1899-12-30 09:50:00,2024-05-27,1899-12-30 03:19:00,0,3,""
"193","K1",777,7,"SD",762,2024-05-25,1899-12-30 10:00:00,2024-05-27,1899-12-30 03:22:00,0,2,""
"194","K2",778,4,"SD",762,2024-05-25,1899-12-30 10:04:00,2024-05-27,1899-12-30 03:26:00,0,3,""
"195","K2",778,5,"ND-S",778,2024-05-25,1899-12-30 10:08:00,2024-05-27,1899-12-30 03:30:00,0,0,""
"196","K2",779,2,"SD",762,2024-05-24,1899-12-30 09:00:00,2024-05-25,1899-12-30 01:35:00,0,6,""
"197","K1",793,1,"Polish",NA,2024-05-27,1899-12-30 08:03:00,2024-05-28,NA,NA,6,"Dia lluvioso"
"198","K1",793,5,"Polish",NA,2024-05-27,1899-12-30 08:06:00,2024-05-28,NA,NA,2,""
"199","K1",793,3,"ND-S",793,2024-05-27,1899-12-30 08:12:00,2024-05-28,1899-12-30 02:51:00,0,5,""
"200","K1",794,1,"Polish",NA,2024-05-27,1899-12-30 08:14:00,2024-05-28,NA,NA,1,""
"201","K1",795,6,"Polish",NA,2024-05-27,1899-12-30 08:16:00,2024-05-28,NA,NA,1,""
"202","K1",796,2,"Polish",NA,2024-05-27,1899-12-30 08:20:00,2024-05-28,NA,NA,1,""
"203","K1",796,3,"NE",762,2024-05-27,1899-12-30 08:23:00,2024-05-28,1899-12-30 02:52:00,0,0,""
"204","K1",796,4,"Polish",NA,2024-05-27,1899-12-30 08:25:00,2024-05-28,NA,NA,0,""
"205","K1",796,5,"Polish",NA,2024-05-27,1899-12-30 08:40:00,2024-05-28,NA,NA,0,""
"206","K2",797,4,"ND-S",797,2024-05-27,1899-12-30 08:45:00,2024-05-28,1899-12-30 02:55:00,0,9,""
"207","K2",797,6,"SD",762,2024-05-27,1899-12-30 08:50:00,2024-05-28,1899-12-30 03:00:00,0,8,""
"208","K1",775,2,"Polish",NA,2024-05-27,1899-12-30 09:01:00,2024-05-28,NA,0,3,""
"209","K1",775,3,"Polish",NA,2024-05-27,1899-12-30 09:03:00,2024-05-28,NA,0,2,""
"210","K1",775,4,"Polish",NA,2024-05-27,1899-12-30 09:06:00,2024-05-28,NA,0,0,""
"211","K1",775,5,"SD",762,2024-05-27,1899-12-30 09:11:00,2024-05-28,1899-12-30 03:05:00,0,0,""
"212","K1",776,2,"NE",762,2024-05-27,1899-12-30 09:13:00,2024-05-28,1899-12-30 03:10:00,0,1,""
"213","K1",777,7,"SD",762,2024-05-27,1899-12-30 09:18:00,2024-05-28,1899-12-30 03:14:00,0,2,""
"214","K1",794,3,"SD",762,2024-05-28,1899-12-30 08:20:00,2024-05-29,1899-12-30 03:02:00,0,1,"Lluvia"
"215","K1",796,4,"ND-Far",762,2024-05-28,1899-12-30 08:30:00,2024-05-29,1899-12-30 03:06:00,0,0,""
"216","K1",796,6,"ND-NN",778,2024-05-28,1899-12-30 08:39:00,2024-05-29,1899-12-30 03:10:00,0,1,""
"217","K1",776,3,"HPO",762,2024-05-28,1899-12-30 08:46:00,2024-05-29,1899-12-30 03:15:00,0,0,"Flor comida por insecto."
"218","K1",777,2,"ND-S",777,2024-05-28,1899-12-30 08:56:00,2024-05-29,1899-12-30 03:20:00,0,5,""
"219","K1",777,6,"ND-Far",762,2024-05-28,1899-12-30 09:10:00,2024-05-29,1899-12-30 03:21:00,0,3,""
"220","K2",778,1,"NE",762,2024-05-28,1899-12-30 09:13:00,2024-05-29,1899-12-30 03:23:00,0,4,""
"221","K2",778,4,"SD",762,2024-05-28,1899-12-30 09:16:00,2024-05-29,1899-12-30 03:25:00,0,3,""
"222","K2",778,5,"ND-S",778,2024-05-28,1899-12-30 09:20:00,2024-05-29,1899-12-30 03:30:00,0,0,""
"223","K1",793,1,"NE",762,2024-05-29,1899-12-30 08:30:00,2024-05-30,1899-12-30 04:03:00,0,6,""
"224","K1",794,1,"NE",762,2024-05-29,1899-12-30 08:36:00,2024-05-30,1899-12-30 04:06:00,1,1,""
"225","K1",795,6,"SD",762,2024-05-29,1899-12-30 08:45:00,2024-05-30,1899-12-30 04:10:00,0,1,""
"226","K1",796,2,"ND-S",796,2024-05-29,1899-12-30 08:57:00,2024-05-30,1899-12-30 04:12:00,0,1,""
"227","K1",796,5,"SD",762,2024-05-29,1899-12-30 09:00:00,2024-05-30,1899-12-30 04:15:00,0,0,""
"228","K1",775,5,"SD",762,2024-05-29,1899-12-30 09:15:00,2024-05-30,1899-12-30 04:16:00,0,0,""
"229","K2",779,4,"ND-Far",762,2024-05-29,1899-12-30 09:30:00,2024-05-30,1899-12-30 04:20:00,0,3,"Comido por insecto."
"230","K1",793,3,"ND-S",793,2024-05-30,1899-12-30 09:00:00,2024-05-31,1899-12-30 04:12:00,0,5,""
"231","K1",793,4,"SD",762,2024-05-30,1899-12-30 09:04:00,2024-05-31,1899-12-30 04:13:00,0,5,""
"232","K1",795,5,"NE",762,2024-05-30,1899-12-30 09:10:00,2024-05-31,1899-12-30 04:15:00,0,2,""
"233","K1",796,3,"NE",762,2024-05-30,1899-12-30 09:15:00,2024-05-31,1899-12-30 04:16:00,0,1,""
"234","K1",796,4,"ND-Far",762,2024-05-30,1899-12-30 09:16:00,2024-05-31,1899-12-30 04:17:00,0,0,""
"235","K2",797,4,"ND-S",797,2024-05-30,1899-12-30 09:18:00,2024-05-31,1899-12-30 04:18:00,1,9,""
"236","K2",797,6,"SD",762,2024-05-30,1899-12-30 09:20:00,2024-05-31,1899-12-30 04:19:00,0,8,""
"237","K2",797,7,"HPO",762,2024-05-30,1899-12-30 09:30:00,2024-05-31,1899-12-30 04:20:00,0,7,""
"238","K1",775,3,"HPO",762,2024-05-30,1899-12-30 09:40:00,2024-05-31,1899-12-30 04:23:00,0,2,""
"239","K1",776,2,"NE",762,2024-05-30,1899-12-30 09:50:00,2024-05-31,1899-12-30 04:25:00,0,1,""
"240","K1",777,2,"ND-S",777,2024-05-30,1899-12-30 10:00:00,2024-05-31,1899-12-30 04:26:00,0,5,""
"241","K1",777,7,"SD",762,2024-05-30,1899-12-30 10:05:00,2024-05-31,1899-12-30 04:30:00,0,2,""
"242","K1",794,1,"NE",762,2024-05-31,1899-12-30 09:06:00,2024-05-01,1899-12-30 03:10:00,0,1,""
"243","K1",794,3,"SD",762,2024-05-31,1899-12-30 09:08:00,2024-05-01,1899-12-30 03:12:00,0,1,""
"244","K1",796,6,"ND-NN",778,2024-05-31,1899-12-30 09:15:00,2024-05-01,1899-12-30 03:16:00,0,1,""
"245","K1",776,3,"HPO",762,2024-05-31,1899-12-30 09:30:00,2024-05-01,1899-12-30 03:20:00,0,0,""
"246","K1",777,6,"ND-Far",762,2024-05-31,1899-12-30 09:35:00,2024-05-01,1899-12-30 03:22:00,0,3,""
"247","K2",778,1,"NE",762,2024-05-31,1899-12-30 09:55:00,2024-05-01,1899-12-30 03:24:00,0,4,""
"248","K2",779,2,"SD",762,2024-05-31,1899-12-30 10:05:00,2024-05-01,1899-12-30 03:25:00,0,6,""
"249","K1",501,2,"ND-Far",762,2024-05-31,1899-12-30 10:20:00,2024-05-01,1899-12-30 03:26:00,0,0,""
"250","K1",793,1,"NE",762,2024-06-01,1899-12-30 09:10:00,2024-06-03,1899-12-30 04:10:00,0,6,"Mucha lluvia la colectar las muestras"
"251","K1",793,4,"SD",762,2024-06-01,1899-12-30 09:15:00,2024-06-03,1899-12-30 04:15:00,0,3,"No colecte open flowers por fuerte lluvia."
"252","K1",795,6,"SD",762,2024-06-01,1899-12-30 09:20:00,2024-06-03,1899-12-30 04:17:00,0,2,""
"253","K1",796,2,"ND-S",796,2024-06-01,1899-12-30 09:24:00,2024-06-03,1899-12-30 04:18:00,0,1,""
"254","K1",796,3,"NE",762,2024-06-01,1899-12-30 09:28:00,2024-06-03,1899-12-30 04:19:00,0,1,""
"255","K1",796,5,"SD",762,2024-06-01,1899-12-30 09:40:00,2024-06-03,1899-12-30 04:20:00,0,0,""
"256","K1",775,5,"SD",762,2024-06-01,1899-12-30 09:50:00,2024-06-03,1899-12-30 04:22:00,0,0,""
"257","K2",779,4,"ND-Far",762,2024-06-01,1899-12-30 10:00:00,2024-06-03,1899-12-30 04:26:00,0,3,""
"258","K1",793,3,"Polish",NA,2024-06-03,1899-12-30 08:45:00,2024-06-04,NA,NA,1,""
"259","K1",796,4,"ND-Far",762,2024-06-03,1899-12-30 08:55:00,2024-06-04,1899-12-30 04:16:00,2,0,""
"260","K2",797,4,"ND-S",797,2024-06-03,1899-12-30 09:10:00,2024-06-04,1899-12-30 04:18:00,0,9,""
"261","K2",797,6,"SD",762,2024-06-03,1899-12-30 09:12:00,2024-06-04,1899-12-30 04:20:00,0,8,""
"262","K1",777,3,"HPO",762,2024-06-03,1899-12-30 09:15:00,2024-06-04,1899-12-30 04:22:00,0,0,""
"263","K1",777,6,"ND-Far",762,2024-06-03,1899-12-30 09:18:00,2024-06-04,1899-12-30 04:24:00,0,3,""
"264","K2",778,1,"NE",762,2024-06-03,1899-12-30 09:30:00,2024-06-04,1899-12-30 04:26:00,0,4,""
"265","K2",778,4,"Polish",NA,2024-06-03,1899-12-30 09:40:00,2024-06-04,1899-12-30 04:27:00,0,3,""
"266","K2",779,4,"ND-Far",762,2024-06-03,1899-12-30 09:50:00,2024-06-04,1899-12-30 04:30:00,0,3,"Mucha lluvia."
"267","K1",796,2,"ND-S",796,2024-06-04,1899-12-30 08:05:00,2024-06-05,1899-12-30 03:10:00,0,1,""
"268","K1",796,3,"NE",762,2024-06-04,1899-12-30 08:08:00,2024-06-05,1899-12-30 03:12:00,0,1,""
"269","K1",796,5,"SD",762,2024-06-04,1899-12-30 08:10:00,2024-06-05,1899-12-30 03:15:00,0,0,""
"270","K1",796,6,"ND-NN",778,2024-06-04,1899-12-30 08:20:00,2024-06-05,1899-12-30 03:16:00,0,1,""
"271","K1",775,5,"SD",762,2024-06-04,1899-12-30 08:50:00,2024-06-05,1899-12-30 03:18:00,0,0,""
"272","K1",501,3,"ND-NN",778,2024-06-04,1899-12-30 09:00:00,2024-06-05,1899-12-30 03:20:00,0,0,""
"273","K1",794,1,"NE",762,2024-06-05,1899-12-30 10:10:00,2024-06-06,1899-12-30 04:15:00,0,1,""
"274","K1",795,6,"SD",762,2024-06-05,1899-12-30 10:15:00,2024-06-06,1899-12-30 04:16:00,0,2,""
"275","K1",796,4,"ND-Far",762,2024-06-05,1899-12-30 10:25:00,2024-06-06,1899-12-30 04:17:00,0,0,""
"276","K2",797,4,"ND-S",797,2024-06-05,1899-12-30 10:40:00,2024-06-06,1899-12-30 04:19:00,0,9,""
"277","K1",776,2,"NE",762,2024-06-05,1899-12-30 10:50:00,2024-06-06,1899-12-30 04:20:00,0,1,""
"278","K2",778,4,"SD",762,2024-06-05,1899-12-30 11:00:00,2024-06-06,1899-12-30 04:22:00,0,3,""
"279","K2",779,2,"SD",762,2024-06-05,1899-12-30 11:05:00,2024-06-06,1899-12-30 04:24:00,0,6,""
